release,completed_at,targets,warcs,observed_govye,reachable_govye,response_records,revisit_records,metadata_version,methodology_version,workflow_commit,methodology_sha256,pinned_inventory_sha256,accumulated_inventory_sha256,selected_targets_sha256,candidate_count,unreachable_count,excluded_count,targets_with_records,empty_captures,hard_limit_fallbacks,complete_failures,clean_wget_outcomes,non_clean_wget_outcomes,warc_bytes
archive-2026-08-26-3,2026-08-26T14:31:10Z,43,42,125,40,,,legacy-unversioned,legacy-unversioned,,,,,,,,,,,,,,,
archive-2026-08-26-6,2026-08-26T18:41:43Z,43,43,125,33,2157,2771,legacy-unversioned,legacy-unversioned,,,,,,,,,,,,,,,
archive-2026-08-27-7,2026-08-27T10:29:06Z,36,36,327,26,1281,2554,legacy-unversioned,legacy-unversioned,,,,,,,,,,,,,,,
archive-2026-08-27-8,2026-08-27T13:36:45Z,51,51,327,41,2507,3296,2.0.0,2.0.0,21ec027f9be72fb77065f7b100ca63f4e37779f8,af4e921af26c1f6a350de6486ab86fed78f690609abe91d7c87061a5b2618d0a,d3ea5459bd019ad52cde61362a8859c921ff4033113e2a32d888d93434e87b29,3e3dbffc4fcc00199ce4d0e7de6c6601b4e1e660f93dde792e81911f074b2913,7f91e29a09d41df2336f3d86f6f419f8ba0c451eb6106adc4556854e725e8ba7,327,275,11,51,0,2,0,16,35,98648301
archive-2026-08-28-9,2026-08-28T14:02:23Z,48,48,327,38,2020,3094,2.0.0,2.0.0,3e33d5d745cd6f780ec7d0401d1fef61903cde55,af4e921af26c1f6a350de6486ab86fed78f690609abe91d7c87061a5b2618d0a,d3ea5459bd019ad52cde61362a8859c921ff4033113e2a32d888d93434e87b29,3e3dbffc4fcc00199ce4d0e7de6c6601b4e1e660f93dde792e81911f074b2913,e2ccc80cf314e745f3c8fa2e501ba7b02e9f0482075f917fd1770123fed120f9,327,281,8,48,0,2,0,13,35,102580337
archive-2026-08-29-10,2026-08-29T07:46:52Z,49,49,327,39,2063,3534,2.0.0,2.0.0,b2c0c3d2bc20493c98113bc879bc59bb08378291,af4e921af26c1f6a350de6486ab86fed78f690609abe91d7c87061a5b2618d0a,d3ea5459bd019ad52cde61362a8859c921ff4033113e2a32d888d93434e87b29,3e3dbffc4fcc00199ce4d0e7de6c6601b4e1e660f93dde792e81911f074b2913,214c66a9f123c5c4673de5d26e691706f5086e0b44bff4882d82e7699165da64,327,278,10,49,0,2,0,13,36,109993772
archive-2026-08-31-11,2026-08-31T05:49:07Z,57,57,327,47,2099,3488,2.0.0,2.0.0,64fb9629f0c90e09627b3fe4d880239a4150cba0,af4e921af26c1f6a350de6486ab86fed78f690609abe91d7c87061a5b2618d0a,d3ea5459bd019ad52cde61362a8859c921ff4033113e2a32d888d93434e87b29,3e3dbffc4fcc00199ce4d0e7de6c6601b4e1e660f93dde792e81911f074b2913,801a391b57dc80c68e7d308a506f9dafe743506a077ce06096d062bff0885e95,327,269,11,57,0,2,0,18,39,106921463
archive-2026-09-03-12,2026-09-03T05:11:04Z,50,50,327,40,2343,3386,2.0.0,2.0.0,3454e80e4a410c506ace7961c13acc2973864bc2,af4e921af26c1f6a350de6486ab86fed78f690609abe91d7c87061a5b2618d0a,d3ea5459bd019ad52cde61362a8859c921ff4033113e2a32d888d93434e87b29,3e3dbffc4fcc00199ce4d0e7de6c6601b4e1e660f93dde792e81911f074b2913,2af70994ec6400a6f1ab5428fae84d3343b9977688c4bc934193ec0b3672d2aa,327,279,8,48,2,2,0,14,36,100748912
archive-2026-09-05-13,2026-09-05T05:12:57Z,55,55,327,45,2390,3435,2.0.0,2.0.0,76622cede9707acb15a06fce0499d27d23ef911c,af4e921af26c1f6a350de6486ab86fed78f690609abe91d7c87061a5b2618d0a,d3ea5459bd019ad52cde61362a8859c921ff4033113e2a32d888d93434e87b29,3e3dbffc4fcc00199ce4d0e7de6c6601b4e1e660f93dde792e81911f074b2913,6dd78f15c0fb467f0b4376847dc126dd094fab2ef5b4f9327f7eed10d9b44a01,327,271,11,51,4,2,0,16,39,100969530
archive-2026-09-07-14,2026-09-07T18:21:49Z,45,45,329,35,2283,2950,2.0.0,2.0.0,2df199ada23c6d56c99bc421cb964648fc3b0337,af4e921af26c1f6a350de6486ab86fed78f690609abe91d7c87061a5b2618d0a,d3ea5459bd019ad52cde61362a8859c921ff4033113e2a32d888d93434e87b29,91837e0602509add315465b9d5cce8a1f8675d862c90e78a933147c2ccd6d489,2ea48a579dada7b9a13aa069a79acbe17f755a588a1980c23eb75055b4402dfe,329,281,13,44,1,2,0,14,31,71321073
archive-2026-09-08-15,2026-09-08T18:52:32Z,45,45,329,35,2393,3069,2.0.0,2.0.0,a1a6c0c67df5eb2d6709f8b530cdfd2f14f2546b,af4e921af26c1f6a350de6486ab86fed78f690609abe91d7c87061a5b2618d0a,d3ea5459bd019ad52cde61362a8859c921ff4033113e2a32d888d93434e87b29,91837e0602509add315465b9d5cce8a1f8675d862c90e78a933147c2ccd6d489,0923ea0685ec6952be0a056fbc732898fffad4052756aa763f4089badc93fb79,329,283,11,43,2,1,0,9,36,109716990
archive-2026-09-09-16,2026-09-09T18:43:28Z,45,45,329,35,2015,3063,2.0.0,2.0.0,c0b0bbf74eb90a144237e24c7e001bdff5d72980,af4e921af26c1f6a350de6486ab86fed78f690609abe91d7c87061a5b2618d0a,d3ea5459bd019ad52cde61362a8859c921ff4033113e2a32d888d93434e87b29,91837e0602509add315465b9d5cce8a1f8675d862c90e78a933147c2ccd6d489,e9653e178f6ec811c998f507941f8d80445a815cb0debfe89c5e559dab1f6cfa,329,285,9,45,0,2,0,14,31,93114846
archive-2026-09-10-17,2026-09-10T18:34:48Z,50,50,329,40,1920,2982,2.0.0,2.0.0,cef60b6ad4eade50ce11f95e0872e3bb385060a1,af4e921af26c1f6a350de6486ab86fed78f690609abe91d7c87061a5b2618d0a,d3ea5459bd019ad52cde61362a8859c921ff4033113e2a32d888d93434e87b29,91837e0602509add315465b9d5cce8a1f8675d862c90e78a933147c2ccd6d489,6a47258929fd3c430a0b797cd21b893ba18ea6af696480b0a36040f16188f942,329,276,13,48,2,1,0,17,33,89685623
archive-2026-09-11-18,2026-09-11T18:49:34Z,59,59,329,49,2178,3132,2.0.0,2.0.0,4a413fd737f21ea7615162888bfe4af9fbb2c77d,af4e921af26c1f6a350de6486ab86fed78f690609abe91d7c87061a5b2618d0a,d3ea5459bd019ad52cde61362a8859c921ff4033113e2a32d888d93434e87b29,91837e0602509add315465b9d5cce8a1f8675d862c90e78a933147c2ccd6d489,f208f0c680d77610d9f7610938149b926a0984f1c413140bc1d1a906e6e599c5,329,267,13,53,6,1,0,18,41,66056932
archive-2026-09-12-19,2026-09-12T18:22:02Z,50,50,329,40,2298,2958,2.0.0,2.0.0,ed04f2b72b3fc3165104b9cac563ee14af709c73,af4e921af26c1f6a350de6486ab86fed78f690609abe91d7c87061a5b2618d0a,d3ea5459bd019ad52cde61362a8859c921ff4033113e2a32d888d93434e87b29,91837e0602509add315465b9d5cce8a1f8675d862c90e78a933147c2ccd6d489,d51f08971ba6efb7ccaa9c06e9e4498584117741955e6fc312046ee61897fd55,329,276,13,50,0,2,0,14,36,116977586
archive-2026-09-13-20,2026-09-13T18:29:49Z,63,63,329,53,2880,3115,2.0.0,2.0.0,b59d806caf33039b41ed2aa7e9c0053f3725fb4c,af4e921af26c1f6a350de6486ab86fed78f690609abe91d7c87061a5b2618d0a,d3ea5459bd019ad52cde61362a8859c921ff4033113e2a32d888d93434e87b29,91837e0602509add315465b9d5cce8a1f8675d862c90e78a933147c2ccd6d489,03040f3441985472df82337d844333f19468e7a45a282fd3bfb20a8f25c5a42d,329,258,18,63,0,3,0,25,38,110824578
archive-2026-09-14-21,2026-09-14T20:15:11Z,56,56,329,46,1485,2186,2.0.0,2.0.0,bf2858589a4ac3f57f4d470383c55de27f08ea00,af4e921af26c1f6a350de6486ab86fed78f690609abe91d7c87061a5b2618d0a,d3ea5459bd019ad52cde61362a8859c921ff4033113e2a32d888d93434e87b29,91837e0602509add315465b9d5cce8a1f8675d862c90e78a933147c2ccd6d489,69c6ccad05c43abe89b46a0e5a8e9cc6a64ac8b527589ef4a5b0b3a91a54bf69,329,271,12,51,5,0,0,23,33,67917560
archive-2026-09-15-22,2026-09-15T19:14:04Z,48,48,329,38,1686,2767,2.0.0,2.0.0,555d3ae112244305178589ec207dd8f2894b1521,af4e921af26c1f6a350de6486ab86fed78f690609abe91d7c87061a5b2618d0a,d3ea5459bd019ad52cde61362a8859c921ff4033113e2a32d888d93434e87b29,91837e0602509add315465b9d5cce8a1f8675d862c90e78a933147c2ccd6d489,fc383abdff5478038bace15f6bc187d3368928e1460635d7f9fc550b2f44fda2,329,278,13,48,0,2,0,15,33,95031919
archive-2026-09-16-23,2026-09-16T19:12:13Z,46,46,329,36,1905,2735,2.0.0,2.0.0,d0d72e2d26f255e92f3ec420d4430c1ffd2d3fbc,af4e921af26c1f6a350de6486ab86fed78f690609abe91d7c87061a5b2618d0a,d3ea5459bd019ad52cde61362a8859c921ff4033113e2a32d888d93434e87b29,91837e0602509add315465b9d5cce8a1f8675d862c90e78a933147c2ccd6d489,e6a07f5d4fd99ff92fd4a2589ac893758c476d475feb6b0d29acc5969d981088,329,278,15,41,5,2,0,12,34,73488617
archive-2026-09-17-24,2026-09-17T19:09:06Z,25,25,329,15,1073,1241,2.0.0,2.0.0,5d725f88979162a3ec4b89f633afbf7f2fdf7831,af4e921af26c1f6a350de6486ab86fed78f690609abe91d7c87061a5b2618d0a,d3ea5459bd019ad52cde61362a8859c921ff4033113e2a32d888d93434e87b29,91837e0602509add315465b9d5cce8a1f8675d862c90e78a933147c2ccd6d489,21976eac3bab1211988be05d8828ea01aec85402d32d169e117d6b1b1bebce6d,329,305,9,16,9,0,0,1,24,26719021
archive-2026-09-18-25,2026-09-18T18:42:27Z,49,49,329,39,2152,2941,2.0.0,2.0.0,412f0291b9a5df144665627170bc933f0285d53f,af4e921af26c1f6a350de6486ab86fed78f690609abe91d7c87061a5b2618d0a,d3ea5459bd019ad52cde61362a8859c921ff4033113e2a32d888d93434e87b29,91837e0602509add315465b9d5cce8a1f8675d862c90e78a933147c2ccd6d489,8f33978fa0f607a5c8429f5f787c7d4bb2f596ce0206cc3d25ea0d21adee32ba,329,275,15,47,2,1,0,12,37,109997611
archive-2026-09-19-26,2026-09-19T18:20:10Z,52,52,331,42,1991,3237,2.0.0,2.0.0,1a538771565469976714babf7fdcaec6cdcf5f11,af4e921af26c1f6a350de6486ab86fed78f690609abe91d7c87061a5b2618d0a,d3ea5459bd019ad52cde61362a8859c921ff4033113e2a32d888d93434e87b29,16cc9909d0133efcbad61207ad96859314f199de161c5c9b76ccb46e2644dbe4,e5dbcd3cec7e6d3ed753546d7811cbcd390758130512ae69ca50bd439c384c1e,331,278,11,51,1,1,0,16,36,116325683
archive-2026-09-20-27,2026-09-20T18:35:09Z,51,51,331,41,2370,2957,2.0.0,2.0.0,963af41e387b5df6daf699cad2591e7a4a501d97,af4e921af26c1f6a350de6486ab86fed78f690609abe91d7c87061a5b2618d0a,d3ea5459bd019ad52cde61362a8859c921ff4033113e2a32d888d93434e87b29,16cc9909d0133efcbad61207ad96859314f199de161c5c9b76ccb46e2644dbe4,0bb1874fa2e656b4d3e7559c053b27eb04343f69458d6765a2ec17b5ad62ec6d,331,279,11,48,3,3,0,13,38,116445400
archive-2026-09-21-28,2026-09-21T20:32:15Z,56,56,333,46,1960,3199,2.0.0,2.0.0,02c34b0c58f01ec6b462edf30a0a11f05f0f9038,af4e921af26c1f6a350de6486ab86fed78f690609abe91d7c87061a5b2618d0a,d3ea5459bd019ad52cde61362a8859c921ff4033113e2a32d888d93434e87b29,29ab3e3b65b547a3acd6cfd0953775c0dbf7ab30a8749a9be2d8ac71be806f50,dae9a5edacf386dc307fa53e4180e62aafb4195d8a190a7e3d9676b21a8d8d4e,333,272,15,53,3,2,0,15,41,106853797
archive-2026-09-22-29,2026-09-22T19:11:07Z,58,58,333,48,2493,3115,2.0.0,2.0.0,d256d87f7e95d297992315a26fe313df58bcb5ba,af4e921af26c1f6a350de6486ab86fed78f690609abe91d7c87061a5b2618d0a,d3ea5459bd019ad52cde61362a8859c921ff4033113e2a32d888d93434e87b29,29ab3e3b65b547a3acd6cfd0953775c0dbf7ab30a8749a9be2d8ac71be806f50,be8067fdd67a3ea591f7cc0b37a1a1442763a3e36f599e4266976e69636a9127,333,273,12,56,2,3,0,18,40,77902396
archive-2026-09-23-30,2026-09-23T19:23:20Z,55,55,333,45,2570,3290,2.0.0,2.0.0,bb1c7c87c5006f0e24f6c3952600555b54d5f8dc,af4e921af26c1f6a350de6486ab86fed78f690609abe91d7c87061a5b2618d0a,d3ea5459bd019ad52cde61362a8859c921ff4033113e2a32d888d93434e87b29,29ab3e3b65b547a3acd6cfd0953775c0dbf7ab30a8749a9be2d8ac71be806f50,9fd5910a7663da9c434540864951d72116621a63f1be6cda12eb53625fa264dc,333,276,12,50,5,3,0,14,41,93103679
archive-2026-09-24-31,2026-09-24T19:15:19Z,47,47,333,37,1947,3111,2.0.0,2.0.0,8ffa9eae7b842021c714bc6bcb10397be86f38a3,af4e921af26c1f6a350de6486ab86fed78f690609abe91d7c87061a5b2618d0a,d3ea5459bd019ad52cde61362a8859c921ff4033113e2a32d888d93434e87b29,29ab3e3b65b547a3acd6cfd0953775c0dbf7ab30a8749a9be2d8ac71be806f50,eb795e7fb97ba31ddd28e523e6b893f5502e01ac86fae416279256f66f41f4ca,333,289,7,42,5,1,0,10,37,85239038
